Taxa,.EarDia
38-11,37.897
4226,32.21933
4722,32.421
A188,31.419
A214N,32.006
A239,36.064
A441-5,35.008
A554,33.41775
A556,31.929
A6,31.5175
A619,40.63
A632,35.953
A634,35.601
A635,35.3005
A641,33.727
A659,38.84617
A661,39.323
A679,42.471
A680,41.152
A682,35.928
AB28A,32.504
B10,36.561
B104,44.773
B105,39.857
B109,38.951
B115,37.05975
B14A,38.067
B164,35.562
B37,36.4475
B46,40.699
B57,37.87475
B64,37.221
B68,38.889
B73,41.633
B73HTRHM,42.956
B75,38.2075
B76,35.33575
B77,39.028
B79,41.61
B84,37.622
B97,37.665
C103,34.91575
C49A,28.544
CH701-30,33.5835
CH9,38.90333
CI187-2,34.085
CI21E,40.991
CI28A,37.328
CI3A,44.051
CI64,41.403
CI66,32.5045
CI7,37.889
CI90C,33.92475
CI91B,35.53867
CM105,36.218
CM174,32.9705
CM37,25.74375
CM7,31.667
CML10,33.33867
CML103,42.029
CML108,40.739
CML11,33.48683
CML14,30.863
CML154Q,42.933
CML157Q,40.303
CML158Q,41.6995
CML218,35.57
CML220,40.216
CML228,31.339
CML238,42.477
CML247,37.79683
CML258,37.02083
CML261,37.46267
CML277,39.036
CML287,37.24
CML314,38.929
CML321,39.339
CML322,40.0235
CML323,39.081
CML328,34.876
CML332,37.182
CML333,36.581
CML341,42.116
CML38,32.36083
CML52,32.69017
CML69,37.723
CML77,43.716
CML91,39.435
CML92,40.503
CO125,31.788
CO255,32.06183
D940Y,34.624
DE1,44.774
DE2,46.353
DE3,44.496
DE811,35.45125
E2558W,37.38
F2834T,33.28333
F44,36.49875
F7,27.689
GA209,34.958
H105W,40.51
H49,39.416
H84,41.838
H91,39.201
H95,38.834
H99,34.677
HI27,35.425
HP301,27.158
HY,34.823
I29,31.407
IA2132,35.154
IA5125,29.7525
IDS28,31.358
IDS69,24.88225
IDS91,27.553
IL101,32.357
IL14H,34.999
IL677A,36.276
K148,33.984
K4,36.81433
K55,39.8425
K64,42.828
KI11,40.465
KI14,29.192
KI2021,40.14633
KI21,40.063
KI3,34.7015
KI43,30.326
KI44,33.19267
KY21,38.93467
KY226,37.37125
L317,34.72825
L578,39.627
M14,35.6355
M162W,40.095
M37W,38.801
MO17,33.672
MO18W,39.596
MO1W,42.972
MO24W,45.51175
MO44,38.022
MO45,35.389
MO46,39.526
MO47,35.91767
MOG,42.585
MP339,38.333
MS1334,30.83556
MS153,42.406
MS71,35.358
MT42,29.971
N192,40.355
N28HT,41.431
N6,39.82533
N7A,41.767
NC222,37.047
NC230,43.833
NC232,44.877
NC236,36.2865
NC238,38.29429
NC250,36.44
NC258,36.866
NC260,35.866
NC262,37.31
NC264,38.303
NC290A,40.5525
NC294,38.888
NC296,38.83125
NC296A,38.211
NC298,29.191
NC300,42.694
NC302,36.349
NC306,34.54667
NC310,41.4595
NC314,36.278
NC318,31.811
NC320,41.711
NC324,33.9025
NC326,41.2355
NC328,37.45
NC33,36.104
NC336,34.172
NC338,33.97
NC340,38.974
NC342,35.18633
NC344,38.60725
NC346,36.276
NC348,31.202
NC350,32.829
NC352,35.537
NC354,32.8105
NC356,34.34075
NC358,35.785
NC360,37.205
NC362,38.849
NC364,38.6825
NC366,35.826
NC368,42.06567
ND246,28.935
OH40B,34.962
OH43,37.77
OH43E,37.124
OH7B,37.535
OS420,39.417
P39,35.394
PA762,37.828
PA875,40.87967
PA91,36.12175
R168,28.88775
R177,38.019
R229,43.504
R4,37.284
SA24,29.11575
SC213R,34.337
SC357,34.858
SC55,41.88
SD40,38.5555
SD44,36.73775
SG1533,33.8
SG18,29.78
T232,35.651
T234,39.432
T8,35.29
TX303,41.5
TX601,42.91188
TZI10,33.84983
TZI11,32.988
TZI16,41.737
TZI18,39.82575
TZI25,38.817
TZI8,41.56075
TZI9,40.403
U267Y,35.491
VA14,36.955
VA17,34.376
VA22,36.168
VA26,37.617
VA35,40.0005
VA59,37.58
VA85,37.304
VA99,40.421
VAW6,35.685
W117HT,23.72333
W182B,31.492
W22,36.041
W64A,35.982
WD,30.479
WF9,36.61475
YU796NS,40.755
