taxa,PC1,PC2,PC3,PC4,PC5,PC6,PC7,PC8,PC9,PC10
33-16,1.6780774569501,-4.93733820263089,1.0029279036662,0.480402317436731,-0.232375601453998,0.685737208492922,-2.17708815310128,3.64536750326619,-0.124366305381364,0.961349181565816
38-11,-1.60217488902346,-4.73227900516272,-0.688618711818487,-4.26666857776667,1.35393112674396,-0.283390359582632,-4.15661258152678,7.21205122400637,3.65671322341963,-2.22003937784578
4226,-0.899951722550984,-6.21860902114612,2.27376549796876,-1.99020956180119,2.94065663631274,1.1017474182292,-4.92917930442299,0.0363378370461742,3.40307684210144,-1.47006823620842
4722,2.13344773287119,-6.2879300601076,5.68371612516945,-2.80504248244872,-15.918502847451,-0.130032447301561,-3.86386195280225,-4.08042416001989,-7.83899926379314,0.00843330083458903
A188,0.63023722920713,-4.89474157066082,0.818900120293802,-2.19509803850589,-2.6457624975511,-1.03323963718478,-0.0465551549774149,-1.79104659309423,3.9650279258533,1.26969611230835
A214N,-13.6690754346307,0.873630155287602,-21.6324613089458,1.63394984220014,-2.39711261645829,0.716941711940137,2.69354595369153,-2.48804624130446,-0.24913563831848,1.32575587793327
A239,-0.568084076630881,-5.94010636301771,0.330720052066856,-4.50426933090969,2.98590477391943,4.11511567423437,-2.93387957718554,0.348929906521607,5.43828899306466,2.10943110931048
A272,3.7670957619024,2.75044062294811,2.23840391424437,-1.67771583060704,-4.35259588760654,-1.5945525693416,-0.934114650212917,3.19072125666033,2.88477965977676,-0.250048933087349
A441-5,5.43272967941567,-0.151654692557712,1.0950911767421,-2.11400157367788,-0.376036907080789,-2.63942640678819,-0.185319536654045,0.0420651590045805,2.44480354292656,3.1593954478646
A554,-0.980118138798348,-5.47922201011549,1.04304921946502,-5.02159527472333,4.49968949284253,0.954403555367354,-10.2537567100598,-3.15607691840294,-0.121499064929527,-5.32732723157634
A556,0.486709444158249,-6.68121495314166,1.88534541018132,-1.9029406324527,3.76658743894096,2.89810629526678,-0.461670388447963,0.836283284084736,2.76372796490736,2.5107915645658
A6,10.4949742670572,10.454305513198,0.435227255051193,0.543922812919701,0.240510686717654,-4.5665794852166,1.31553330842621,-1.97934437921815,1.11831684302974,-4.39994637870522
A619,-0.0516207655001554,-15.4913251768542,5.29579269084505,-5.00710422327611,7.10831942865131,3.70362237728428,26.3309748230691,-8.34461415541234,-7.92889966630224,-6.00585603314733
A632,-19.6833160499124,-0.00741713268018823,-27.1228012187339,2.72798980429246,-4.59399895361856,0.334355570498088,0.577723192648126,-0.588350272244834,-5.11906397704701,0.817589739452109
A634,-18.1129771825385,0.527974825379177,-25.1777706749176,3.07476869938348,-2.41994609390626,0.554123346877019,1.12098141058951,-1.82792304505,-2.85583982099345,-0.667683966310647
A635,-18.7054657733253,-0.56640096662022,-25.3219570369279,1.98944385536157,-1.68126393319966,-0.49111385878656,1.16845811766059,-1.67350248073838,-4.27728904839308,-0.313972927518602
A641,-11.540123339051,-3.77372610145265,-17.3821171501193,2.02061857959664,-1.7042819107226,1.05114960818475,0.86952516980164,-3.85510687735515,-1.41988715574176,0.711955462501692
A654,-0.337719801292061,-5.92188846042244,-1.06323602238178,-6.92267639222244,6.11338647309536,0.895464791297619,-9.38050349822086,-4.93201355019721,2.97948405613463,-2.42055642585812
A659,-1.2430368455173,-5.41854695660122,1.59366066218028,-3.05732559278849,2.0095905072193,2.43546260448886,0.615191994442802,-1.39909051692022,2.96148202069378,1.03567636549096
A661,0.48802753147904,-5.03871807588809,2.45605338370849,-3.24684120055071,-2.54327149503445,3.01888590627893,1.35404888101701,-0.928988921027146,2.87378015254039,-3.11851341912253
A679,-30.1466826790561,13.212700175314,12.339532811499,3.48326603174589,-1.25399110687609,-1.67880416225707,0.319888955095435,-7.18739595367182,7.88168835901169,0.238986153602758
A680,-35.9770137319673,16.2340754661392,12.6161663999689,3.55880244824715,-0.516921693834594,-1.9085109632585,1.22839308259421,-8.71664348977176,7.21056544311293,1.61574061033588
A682,0.888121614064226,-8.45509262446741,0.148500440028815,10.8325815538769,3.6087680033161,1.95666661159293,-1.30430530238325,3.04494489112993,0.394564500684356,-1.77777014263184
AB28A,0.915341145367906,-2.55204152633772,1.12905018654805,-0.801702504337795,2.92663050096458,-3.20899160355579,-4.05049540140627,3.4006937141972,1.62383657308606,1.66812899558201
B10,-15.3027421327919,-1.34367617246879,-7.3520051407581,-4.02731630138512,4.52707116186246,0.720175104469244,-2.64505195985534,0.550599414206877,2.55391188588402,-0.503605349114341
B103,-3.04324143201553,-5.059405013174,-2.74327483150574,1.18910863541252,1.65219398884856,1.0621253465664,-3.59788775032641,3.62932569341894,-2.55320922352597,0.0358833360143487
B104,-21.4166877945011,4.71001319421801,1.33291626605892,0.243034432363944,1.05309663154463,0.124080292531884,-1.79209957679778,-0.425811381455904,1.08551502690436,1.96523015259089
B105,-8.41562760363773,-0.35728375530743,0.975367652685982,-3.81896932259055,0.707442372710827,1.95130732869779,-3.26567673316665,1.77532679278898,2.84423944883926,-0.446905676346256
B109,-29.9462236888539,13.3637338842588,9.21317879844991,1.57136797207833,0.110314939329931,-1.88735190339073,1.73886499161852,-3.43275641001438,5.80526577516976,2.83865790531792
B115,0.788766275627821,-4.93244362709354,0.0926407722642257,-0.900964098390739,-0.409504522874764,1.29526942514269,-0.554335180408055,1.57234477248817,1.07338994721293,1.28982583628598
B14A,-25.3697112968346,1.04398757915349,-29.3460950506816,3.11372340247488,-3.54361799585602,0.0613885996031875,2.2968072388814,-3.80066038419981,-2.82584832021175,-0.702936337482685
B164,-2.34650990187405,-3.53456196805419,0.717664489032832,-1.9624452621614,2.96326771816174,3.66772536692428,-2.51971365131257,5.35798325256764,1.20367030514468,3.78408162636571
B2,-4.16508838461633,-4.09592128773131,-1.86134205293676,-3.08614779935491,4.11715025093224,3.96426349426176,-5.68852996558569,1.32845056600875,1.177171112902,-2.82286681693746
B37,-14.4221430878423,0.0132662769288339,5.58923910551088,-5.49135113252287,2.96764199458951,1.6711836815387,0.326293571068807,24.1795639915328,-18.3498009715631,-4.67536963784305
B46,-7.10649959708815,-6.92220986029847,-3.74875934690379,-6.6927852008439,5.79190332809115,2.95748342287616,-0.860954691887032,1.03570086812128,4.17081260871268,1.7601503211005
B52,-2.01554961398901,-4.88656143804735,-0.0039889415288967,-5.25449252888016,4.44952449255173,1.68638097442373,-6.75670587310674,-1.47877806844663,0.970453716158495,-6.65406065948942
B57,0.376890544368375,-3.22768848095122,1.71460457636082,-4.12862976396748,0.556706558636362,-0.126627646372453,-0.549596923321076,3.965435329227,3.2503999041184,3.12716311302415
B64,-15.2061537476086,1.13442965612318,-24.7112908674188,3.06785224649008,-3.84427219005642,0.530373386599005,0.473698904338078,-0.759457965194064,0.00555039351087425,-1.15617173188702
B68,-19.7164696452784,0.14269668487843,-27.3859023466352,2.53918771413743,-3.22235981242061,0.570233454914062,1.77772400077173,-2.35441321314372,-3.37896819329004,-1.14869506398086
B73,-38.7609574097568,18.0248964215501,13.4773853332729,3.59069825724277,-0.289998900445354,-1.74931475740629,1.29486606999586,-8.74663431772025,7.68562849209504,1.89812941458684
B73HTRHM,-37.8747999554631,17.3680059742786,12.8935419208108,3.26816861787496,-0.401636271395344,-2.07343720065963,1.15443823805847,-8.18745700107831,7.20093333964926,2.14426359298214
B75,-1.34501164006886,-6.46955383784908,0.883095242903682,-0.123556176071361,2.75160661212905,2.10047439482308,4.77740643580272,-2.55834914860588,0.774663143089817,0.110510642565688
B76,-12.8771631267697,-0.375147394296035,5.66248198854678,-5.21397179155586,3.09508265521294,1.75068763189472,0.686417183073393,22.8755148267903,-17.6152029252446,-4.11155175542297
B77,1.83277128841945,-3.40949715593577,-1.5349570489401,0.264529812168438,-1.87781004239369,-0.147234520045803,2.26069063797619,3.30809943440645,3.85683726763804,-1.72485073435009
B79,-6.45054057352643,-4.2347068479906,-4.08759084947797,-2.92302374044646,2.74781578302,1.70651442016143,4.33279023553418,0.664592163928813,-2.64601960041853,-0.797965357996365
B84,-21.7762299373863,4.7507487166562,0.657264947962796,0.851259471064986,-0.409669301028346,0.458182819875295,-0.436753457728979,0.169083685946801,1.30182872585759,-0.259122348103482
B97,-2.55573291011423,-7.55922866851183,-1.61473855618773,-2.17902122104825,1.09379728277225,3.48046576189935,-1.36458847138378,0.785625963812228,6.92959845017868,3.44889976338527
C103,4.05974320728845,-12.0208297422737,3.87293871559221,24.0045661356431,0.335492392843733,-0.687097571744552,-1.6366591226784,0.326745768856271,-0.523798640322958,-0.33949670958093
C123,2.38228766191193,-9.92791867196043,2.75111040143831,17.7083342893622,-0.863171892237614,0.140685060841997,-0.207714751228189,-1.13814480399919,0.681758250417268,1.36095522334916
C49A,0.695669637705388,-4.73526011842766,-0.852552388157186,-2.44323346295927,-0.211563579000424,0.572044377190633,-1.98974498954244,2.27415479256038,1.86929064376684,-0.935917489133914
CH701-30,-2.65298835487088,-5.08430343766909,-0.282483068008219,-1.15285825249045,0.24333204271391,1.24017085838337,-3.86630678603277,0.175897118097939,4.87447392754341,-0.771499554436783
CH9,1.57240475094931,-3.93007825487922,-0.0948556852521549,-7.44798881433254,7.75850146791611,0.473557809369807,-10.4561263408467,-6.77638337915994,0.505136833855528,-6.85298265968608
CI7,-0.0118132383452205,-5.37358396192288,1.62464404664326,0.485015992840396,0.426314576770083,1.7677494042876,-4.32958223285294,2.86193792787582,2.49671823941469,-0.20122848010282
CI187-2,4.35122042138776,-2.41255946509608,1.02774911994424,-3.09014209515791,4.2735196275917,-3.15400652646341,-0.41563053393016,-2.77620325501766,-1.43624997010144,-3.50958440032002
CI21E,-5.78319085830052,-0.406623634276616,-0.0592282256703324,-2.27934604437464,0.712409936022339,-0.722610272305528,-4.46256619897208,-0.0714614235879763,1.64306370982725,-0.809918843766586
CI28A,-0.897944688740604,-1.70964010221497,-1.19999418879175,-1.62689883297679,3.99446656502787,2.09247482729937,-4.68517692441766,2.20424205205839,0.884126792535719,-3.37447112573152
CI31A,0.538165950556864,-4.37852441388917,2.56159197960699,-1.24785406322184,0.0817141530348428,1.21968241468351,0.566338712073613,1.65832163877877,0.897733300913029,0.563172787765772
CI3A,-0.647595169730744,-3.44010206535777,-2.58973537268383,-1.42949928423414,-1.73436518209278,-0.983771268674111,2.60161107985412,0.349229074491868,-2.94184561292714,0.766423810205787
CI64,3.20845650806002,-2.30034265611401,0.488267503494578,-2.57496104043158,-1.43581239749368,-0.511689170534704,-3.68213509874603,-1.8464408221318,3.88461964382181,2.02555392838452
CI66,3.27422491928874,-1.85484668865027,0.974832202418328,-1.78580118150915,-2.10976570086547,-0.152797163699729,0.373703243052174,-2.04669457313965,3.19453989395762,0.957784326843838
CI90C,1.98939011004704,-4.66684460473292,4.00669154741303,-2.06114326624167,4.17625562049015,-0.136885636693218,3.0467787285648,-4.68723005784557,1.01279742884791,-2.44593779114769
CI91B,-4.31144255627775,-2.65666839245409,0.800693314936967,-0.457286526778718,3.56026990712487,3.93257721868634,-3.04350506140262,3.32436753862232,4.44924512940796,-3.2546768340501
CM105,-20.4075810278107,-0.138009918019586,-19.8675212514066,0.789052530553882,-2.24340948903618,1.14359954685887,3.15019844812413,-4.9216989008366,-1.50517233232783,-1.3466201502158
CM174,-14.7710853731901,-2.28663681794763,-22.0292244642917,0.793402349120912,-3.16145814249473,1.0813966806593,2.58674524422102,-3.47062146350148,-1.91916040731119,-1.92899227005449
CM37,-1.89426975311377,-8.84789924907784,-1.13913682810283,-3.36322178859128,-7.6116323476184,4.33141101695503,5.44682139418288,-1.62446018769043,5.5914689377255,-0.582497398235234
CM7,-0.025201990924465,-6.8660319998318,0.605455574199078,-0.462043466983156,-0.954734453443027,0.363966990869325,0.570201568310871,2.40751891781834,2.6052174851051,2.93389719352135
CML10,10.4219164979295,7.40834783798842,1.19075803371292,-2.45064078082359,-0.0589418122734258,-8.75650702758632,3.42992723507564,-3.98138372892613,0.450080300541321,-3.66556351565417
CML103,8.53464986038779,6.18234565793532,-0.178999724673736,-0.124497857166133,-0.726619920536689,-7.27076178170145,1.94434639160527,-3.24755773896822,1.26690676038076,-1.17538782995693
CML108,8.38555734025501,8.28958827179001,-1.16469284923529,0.322327417122886,0.649507244438547,-6.41796816213944,1.40244931492393,1.57183982342238,2.01683963042422,2.4169361618788
CML11,10.6837482413205,9.51510085252117,0.340967650156435,-0.952833487566026,2.02705014814524,-10.0698304486131,2.81972041888013,-2.93801479901623,0.327915042370986,-3.86141419357264
CML14,9.31150314595548,8.95626038229205,-0.786249264743063,-0.735340596209273,-0.577107720017844,-4.00647186647394,1.46712691822716,-0.335431614086251,1.9404970089562,-0.96420437828383
CML154Q,8.49900977637439,7.78028333878228,-1.27290406966323,-0.194311053274214,-0.212234201511014,-5.02618817536874,2.12522764923453,-0.294189005227788,-1.00232217032653,-0.857223792385269
CML157Q,9.87733361847689,7.3452793710875,-2.37603740718461,-1.42759512999826,0.496052762109362,-4.66144629608339,2.46631631654958,0.934773858485942,-0.645399478551039,1.31653022050321
CML158Q,9.80329240406057,8.29459639630648,-0.220506220701232,-0.45803382984216,-0.320463296800023,-3.83663373707448,0.97269391446901,-0.68134204794589,-0.358204524613214,-1.9358309555676
CML218,9.99801346481085,7.21517316545391,-0.884101145123715,0.761790143905857,0.212197141584529,-2.95856292139333,2.96355647438097,0.993172171201362,-0.355979836781255,2.16981202400836
CML220,7.60480136890388,7.75872299622844,-1.59125261890972,-1.99207831580887,-0.607943585334006,-4.9985403365351,0.731879009503429,-3.31021085759041,-0.918235250777804,-0.691484716617307
CML228,10.9342502633488,7.9302133787934,0.999833061633008,-1.25970638583411,0.323222963592192,-7.28742678407202,4.36640347545474,0.229436137587328,1.14572084922188,-1.134938546056
CML238,8.96373224185276,9.81671253779689,0.385941279127956,-0.712543218802262,-0.107136389237846,-5.4999212340434,1.43770388373225,1.75738253805221,-4.17388119702888,-0.890968298231476
CML247,10.0137272971761,6.04561582180757,1.13346990233874,-1.46323714563835,-2.85166540561082,-3.95031123554179,4.05654057065078,-0.494054186448172,-0.48461936323162,0.114707722576755
CML254,11.5516713362376,9.27997299651972,-1.76188941607427,1.14919880861585,-0.0622367652490672,-5.5251194839094,3.80446122189889,0.212545652944834,0.0114684064562624,-0.100029863996467
CML258,11.0800583274456,8.84067300145336,0.541205458469719,-2.06282229875709,0.212308791576109,-8.32656372186051,2.20489642967209,-0.749746489733847,0.738380743746403,-2.17353210203475
CML261,9.89785069397662,8.49987036563625,-0.633644742618807,-0.950375251149637,2.18674981030443,-8.5557652976057,3.38491645240023,-0.612171358211733,1.72074299734908,-2.36798399539721
CML264,9.40914073177585,8.63686709277376,-3.33333970643014,0.169385172315031,-0.329254171565005,-8.94001277370555,1.56533738248633,-0.815564345935598,1.32679000436039,1.30467181126277
CML277,9.66326423723721,8.7504976077066,-1.95396982714815,-4.47787225359193,0.17616593571371,-5.41199116476393,2.86944031780177,1.97881804385512,1.21996653390286,-0.25775081908017
CML281,4.82560838740732,5.70180976994374,-2.77770681595729,0.402664296382417,-0.452354457681682,-5.46018668939336,2.48189511860312,-1.61825278221629,-1.51649267248394,-0.932619013843786
CML287,6.87699390567725,8.20330628498697,-2.92083044949464,-3.94562216248265,-1.34716739109771,-5.73601810663229,0.886368540217439,2.09249858120139,-0.226607622565033,-0.256964813727444
CML311,9.17379318570476,7.66065874884589,-2.21163326760602,-1.55356243763033,-1.60376412879253,-5.53741552018722,1.0135785196079,1.36060681888346,1.9162148415918,0.250380993197293
CML314,9.91465880049825,9.31797319494916,-4.03895957125068,0.248057285517665,0.00572347786534003,-8.78656042781103,3.92767866479847,0.438589432992826,0.508794696120516,-1.9341333322806
CML321,10.1919236251751,9.03754810861278,0.91490514626542,-0.313032010734948,0.140800492176269,-2.19318950885845,2.64127703581817,-0.750684158530199,0.96150568069865,-1.72712853828404
CML322,9.35642229274479,8.8883458684881,-3.58050372567638,-3.01680448242923,0.319757196388387,-2.14647803141489,0.662081403276024,-2.74154419403745,-1.39511864355307,3.24850722601467
CML323,5.31858020559606,3.78976445031254,1.19898824128003,0.805136903454845,-3.66449747082381,-4.63692683150755,0.836174923936623,0.956345484051055,1.02647167079408,-0.689306815118392
CML328,8.31293108383576,3.34796152068493,-1.04044730710593,-2.158531812496,-1.78632622905783,-4.37971348534443,1.75221746645425,-2.21300356875588,0.53863796807751,0.0586924800246116
CML331,9.53957398957282,10.7280526797207,-3.89768823104683,-2.14557006915514,-0.913988315932869,-5.2317873932545,0.219184359796025,-1.16063395054177,0.201940306028291,3.49713599416057
CML332,9.83869649966392,10.0484929996093,-2.32805561223763,-1.84738870051044,-1.35075020999589,-4.02346512605352,1.22863721255221,-1.32384377332878,-0.0745346101819359,5.18938200884973
CML333,7.09998880682859,6.09688005027442,-1.71436428485101,-0.0507937355659752,-0.440628020731299,-4.2425304776715,1.83882817650771,-0.145587500535547,0.556281371411696,-2.46550228215657
CML341,10.9208030170973,8.78549692134288,0.438951253130669,-1.76772157929551,-0.742415990182306,-9.26803511057597,2.4860180170708,0.998284728130047,-1.09464925509751,0.852504437178901
CML38,9.74095336685259,7.28935984469846,-3.19718019893713,-1.23299307752913,1.68071494944818,-5.28944721492524,1.38586715272277,0.169670897146212,-1.41436672897729,-1.20289861278735
CML45,10.2431935513664,7.83836178952772,-1.12890407910546,-1.48202646744841,-1.58621773127469,-6.85814016301457,2.70799368075826,-1.24198473505665,-0.0468292478983396,1.15802309926693
CML5,10.3102614174724,8.0402471256984,-2.90796202905025,-1.34821029401713,1.81813430582084,-8.7599367133241,2.14447460892935,-1.69584963117225,-0.352900301589297,-4.26966216039584
CML52,9.55724473224878,8.50774965125844,0.988580057663313,-1.27182467550577,1.17388576519022,-5.13379491747811,0.771162900664141,1.22975706560431,1.92322668552838,-3.49280467647718
CML61,10.1937471148405,7.56783667145719,-1.51271132301987,-2.11928067993171,0.764405163262353,-7.78316422686257,0.11318648314983,0.584650624563069,0.00161370225849539,2.04401911683094
CML69,10.0009294537507,9.40411064331354,-0.925191024375391,-0.278295183048648,-1.27587975074117,-3.77647362753587,1.19387119866452,1.48670818820575,1.10600309094705,-1.9213285071465
CML77,5.07078089252408,6.26201056215861,-2.93998950719811,-0.376283716061943,-0.194602471820598,-3.93897916568041,1.58493807579666,-0.889840958848968,-1.45949293013161,-2.49292971453071
CML91,5.9503786913823,5.24894030288016,-0.936445948821254,-1.96202443286781,-0.51096932372243,-4.46948375495931,0.175461152905884,2.08123850928235,0.80039473310511,-2.40995949303486
CML92,5.18654643023719,5.60026991633955,-4.2391480576939,-2.11499236108747,0.790446031205755,-3.58022296730236,2.85524733398965,-1.28090648284854,-1.31632388135831,5.01895495277352
CMV3,-0.450096319671846,-5.24754557588535,-2.46350561801672,-1.37327759742287,-0.590869212408719,2.7873303376528,1.20462607416987,-3.19201495556577,1.46280201437658,-1.42968489797209
CO106,0.450981976667573,-5.15645977852204,-0.745947326703368,-1.43093724736444,0.0182598810384601,-0.175684329250807,-1.20354583214872,0.0982492875908838,0.774956948263473,1.31669762489609
CO125,0.910595892391524,-5.92464105718172,0.457675431911007,-2.15920698327133,-3.46590563586991,1.29961188931173,1.48729724069064,-1.01971713145071,2.5411984781884,-0.655751293775219
CO255,2.39893958086995,-4.82745852311976,2.93580873052588,-2.09627156449692,-7.54399875761362,-0.763688765288305,0.453707399659822,5.28064646942269,6.78664128328156,-0.624626555170822
D940Y,7.04484915132594,-2.76585839776609,1.10308498400871,2.72869594665541,-1.96803741072859,-2.90964803565364,2.9684808529082,-1.32740269457819,0.48490714646521,-0.769516435755246
DE2,-0.87809536450899,-6.31766152638109,0.300873585963756,0.163531589883977,6.64373355932828,1.94879568949821,-5.10264145418501,0.847133074749609,-2.13255650086872,-0.522968297387373
DE3,-4.35074995310338,-3.77754937757561,0.850304423302911,0.791777650027206,3.89915269577082,1.58480070414119,-3.40645145856839,7.1856883609319,-4.04194590618354,-0.432330685152083
DE1,-0.500482651999032,-5.86222392326703,0.583665577153119,-0.687206216417353,7.05048060119418,2.47591060168116,-5.51805670014738,1.63961199799098,-1.67816773115482,-0.35765589320156
DE811,-10.8626922875152,-1.64029354405296,-13.6432897417958,2.96401662465902,-2.11164464333081,-0.862983342202931,3.43992196032913,4.31599351466226,-6.78004998292971,-2.52344459653665
E2558W,2.79053063633229,-1.51999164498306,-0.0724711240944883,-2.76702168879699,-0.629307229716279,0.706483482119491,-3.09193098684615,0.267144604988094,1.17516245821239,-1.4546282596363
EP1,5.40854434323717,-3.00061213415781,0.839878327619041,-0.380478817199956,-8.01815275294936,-1.05503772742739,1.70595731124822,6.00633316271781,5.19079459054461,-0.182484513365848
F2834T,3.59339633388935,5.76591960614559,-0.267898040946892,1.19925011763659,-2.9833315859592,-0.651240984754904,1.64042952553176,0.65542288275555,1.07595542059131,1.27840044482534
F44,3.17389412881651,1.1219545355937,0.497594166819538,-1.42780616922441,-3.86310088959356,-2.03778361951475,-1.62262375276497,3.41667853760274,0.199165699662995,1.82365241234941
F6,0.661098857113064,-4.28212291851145,2.59902991774519,-1.91771664324236,-0.627970319812547,-0.921601553151842,-2.49178645686753,2.13787961070801,0.15608071835189,1.5003698255417
F7,4.16829125759066,-7.2361437503834,0.841584909163349,0.584695166077108,-9.28859528923285,0.520741442123639,2.23698200192237,2.71443599514534,6.61772444481047,1.42844985719636
GA209,2.23988662423244,-4.27582839721508,2.24955859504679,-1.68528757984502,0.616089791722309,-2.06659671707122,0.247459436015476,1.76649763133049,2.47191725684289,-1.76273390453935
GT112,5.2225505383579,-2.40397924062284,3.12649433112344,1.13495635072012,2.71529030727962,-2.49629205329166,-1.99117210780463,4.62861997089441,2.37577458889575,3.06368731302821
H105W,-14.5140022693693,-0.451046781980672,-21.260117805434,3.62765228508421,-3.19553393687716,-0.303785796033015,-0.197135165241109,1.22606968046714,-5.70555480320689,1.45804916431906
H49,1.27676801731284,-5.06181709691656,1.35182448776746,-10.2064659937564,13.8263926356884,-1.21998854549047,-15.3345154865443,-12.5036710967736,-4.18164606644064,-10.6058080532241
H84,-9.85247554230238,-0.417093451877174,2.51702050196604,-3.47420487615114,3.05400651624462,1.65642449283403,1.08182857405217,17.9452474930407,-13.1238353068624,-2.83317546382694
H91,-22.6986307405132,0.656374845255062,-27.5792574933562,2.51462470283305,-2.36824994463003,0.112772795199262,1.97507757275261,-1.64338322341903,-4.13387317925866,-0.0477322139179604
H95,-0.0236084632201538,-9.88661451101262,4.87162485815419,-3.88092861167823,7.56709771295747,2.95971186739091,17.3754629969304,-6.4658168228814,-5.520029593282,-5.5917160736031
H99,2.03811442381733,-5.66070817376677,3.06841115149773,-3.56637014090257,3.54252916750386,1.62472628596109,5.38111856678623,-3.34665841079177,-0.370836908758205,-3.30013112772484
HI27,3.50702469272974,6.3686335771898,-9.7058956539274,1.19718527138388,-0.189998145736237,-4.79632020683473,0.771983519554752,-0.137144906804147,-0.588482052186797,1.09964600344554
HP301,2.62603417502003,-7.18168790329144,7.74281551991558,-5.22127678786466,-28.1994033452185,-0.163825289474319,-8.26004152848574,-11.9258576385955,-15.0043117068209,0.34828870972131
HY,-7.8168611425041,-1.10831600959379,1.78370451017373,-1.66119880356371,1.45545729543404,2.42861790640107,-5.19916943463535,-0.282794017801276,3.78108315468843,-1.65576324104099
I137TN,5.86386720247365,0.965879658473564,0.681285044188696,-0.377075274921276,-0.935923615580996,-2.27761195087685,-0.830206408395153,0.505999097195151,-0.522813807990708,1.87913604384357
I205,-4.14528908988136,-2.96737789862491,-0.463171048535895,-1.50332232130574,4.15918130911868,3.75146243820704,-5.53124726954843,4.2683699665341,3.03305855994241,1.21080353900059
I29,1.23248592800251,-2.85579306418601,1.90868815562688,-2.83496738389003,-9.49811668570886,-0.504024627112478,0.894452715975042,-2.80496654814471,2.4116995527048,-0.117081211571052
IA2132,-1.25350637741695,-11.4497375807104,4.01414404722779,2.09725185891411,-9.20816321712604,3.31215872825071,5.15780014652197,8.37084231640517,8.15359224314761,2.18776819992441
IA5125,0.265276423401974,-9.62762585317234,2.02842663263581,-1.49836398376037,-6.29662975490974,3.55635120077643,4.91856546771127,4.34448192291691,7.18615918059391,3.30995623186077
IDS28,0.900186935226427,-5.29846003630281,3.40141503767984,-2.03406420675504,-12.7336195874844,4.57500070262552,-4.94365921358856,-4.44863358533561,-5.41746471775574,1.80592289531851
IDS69,1.25953191708431,-6.99022085990938,8.54371772480045,-3.45762289843997,-27.7371797150414,-0.57724535503978,-8.27391375659247,-10.4694770862874,-16.2591051475945,-0.386732985026889
IDS91,2.51290104381894,-6.69713208432775,8.43427350537532,-3.99298980690738,-28.2341070942712,-0.691002790339596,-8.61422041945568,-10.4173164215494,-16.1420822249209,0.0817576352618825
IL101,-1.72590543353576,-13.4909756590849,2.26379018205761,0.0996958061520154,-14.3117356386407,4.41020881664724,4.51922988932143,8.19799726795257,12.1446600377043,2.92128231050848
IL14H,-1.64789036260431,-14.0233640325338,3.68747020923749,1.03843614480689,-15.8286656388157,3.73966269831981,3.06538066720862,5.67336228952325,9.85988284246361,3.26885086362504
IL677A,-1.62846597899885,-11.9527104378417,3.2815628709204,-0.0646201277330773,-11.8510682463082,4.04413371466083,3.94014943006818,4.32694759747948,7.60540564206632,3.1600018774162
K148,1.81139774429547,-3.75531262361537,0.624972910695431,-2.72723911650273,-1.14823793917374,0.412434435574012,1.7468520156312,0.66406711151936,-2.3868051050057,1.60754902491423
K4,1.07489202417567,-2.85028317262815,1.54893689612552,-3.8581454590309,0.672767128013146,-0.28069408164688,-1.96183603949461,1.7107228643933,1.73990187285554,0.845992330516746
K55,-1.83609406273321,-2.4811119922978,-0.424992461681046,0.205963907682416,-2.77509664785442,1.80046515484084,-1.88764493512348,-2.3640661796994,2.95444528610512,2.33987123084689
K64,1.04017158557914,-4.63664362881849,1.30207532260714,-3.752589727877,-0.767769057350266,0.139777941580236,-2.91497975075117,-0.745087398145163,3.09282525649258,3.70704967060764
KI11,8.19004291803163,6.94674489698426,-1.08450182290057,-0.587662000448507,0.737049644112537,-5.79800967351659,1.39015164617055,-0.843159808424381,-1.72653442687286,0.781239505565473
KI14,11.230680740286,6.90920197849738,-0.00304178852920494,-0.860486967107486,1.90276163422524,-4.43339144197658,1.94774496163188,1.68118848755958,-1.58575040715731,0.954382903246954
KI2021,10.61937423161,6.16923598848723,0.18217606772895,0.0799906551022078,1.95213413066571,-4.8234680596923,2.8451452713024,2.83240039980682,-1.23349481952123,-0.497509971744831
KI21,6.86217289754931,2.08876747597791,-0.389714328253567,5.40212396535946,0.94665599097811,-1.74222730552625,-0.978768812910622,1.36649371614145,-0.505597774359338,-2.77832523175198
KI3,11.3271353312989,9.53916166512428,0.307432116229924,-3.20535957601607,1.18332301211272,-4.42818856986483,3.49366848902317,0.813166968440981,0.780177869679994,0.0305902220772388
KI43,8.92678123863038,4.8241563764165,0.3174381793436,-1.3472448018951,0.267185950285916,-3.88646320727854,0.400698099714083,1.14431790350911,0.677174435407844,-2.40275653941273
KI44,9.56025517324334,6.60570687097244,0.641408326211814,0.152115411463653,2.28411249280936,-5.60720196578706,1.72459261836438,1.66615481275441,-0.361515541053975,0.895294857315303
KY21,1.15297105502351,-2.2504268311344,-1.55158236491236,-0.325626551957459,-2.54992067677694,2.3441567043001,0.675593228624016,2.32670357603197,-0.490110111470403,2.04798170756659
KY226,2.75324649387456,0.0346670704613972,1.65732453617877,-2.34689948957734,2.16893500478387,-0.214534542465643,0.259625898742229,-2.46902192117118,1.62225374867024,-4.52306837667142
KY228,1.24333788276803,-4.22171642450401,-1.17012938338011,-0.105867929251187,-2.61716814404721,-1.04910023251222,0.857947228694695,-2.57886615296749,0.675730722334471,1.55940044847282
L317,2.18911888632449,-5.75348519527431,-0.370819795780018,0.331089581057909,-0.195429768458783,0.47919509309084,1.18832470102818,-1.68088853331156,2.56845807768676,3.04088906283466
L578,4.43107645138331,0.503081939020778,1.7212302786348,1.16377475987685,-0.443815869129784,-4.07071894812611,-0.523162295295208,-2.17492132882908,-0.78233539367078,0.234947921751066
M14,-4.41539618041689,-6.99346836159925,1.28328095368348,-2.28003819192205,2.88083155639913,2.67402074629873,4.12557991126375,-2.44697691160853,-0.160465767501997,-0.431790798642434
M162W,5.00579736928412,-1.96234597317717,0.616703592444376,-5.73867557192582,-2.36778349669543,-1.40047056842519,-0.160283584592125,-1.30247441548388,1.45936321822576,1.27050288509369
M37W,6.48406811999871,1.12898044424679,-1.75970145164385,0.0391300458511181,-1.42402775980196,-1.87590265218158,3.10143468186264,-1.73895692889015,0.441815040662275,1.14080527030082
MEF156-55-2,-0.443230623716474,-11.1034238549693,3.52894417000833,-1.56892572795022,-9.03651823964186,3.73549144335228,3.10677367162071,2.63274354297515,5.74132921402503,1.57221013880743
MO17,2.22587013360039,-8.95495533152754,1.9825736406808,15.1825086634112,3.2265608168385,1.92217930837224,-3.12209626613268,4.07032810539232,-0.036851686924297,-2.83483990825453
MO18W,7.03464446136426,3.69787480123037,-2.09573967494689,-4.61446745288698,2.17372792533135,-6.57672596124476,-4.38905496651277,-3.92936188949205,0.982223996868171,-3.88590010641759
MO1W,1.718907647726,-4.84573281667344,-0.44128776523505,-10.0711570173414,11.6778268935966,-0.48130593437376,-17.3232816213484,-11.8365223267498,-3.02257780917052,-10.8163307359656
MO24W,4.92428806147486,-0.564083871574934,2.85013966566759,0.651465574104901,-0.889789756827223,-1.73775756944743,1.21726751932853,1.39558493092662,0.311293359296156,0.829850986319752
MO44,-3.16986205438077,-5.82982048335958,-0.794906639777041,-5.59400581765051,4.54406847765649,1.57190310969652,-7.51003287040003,6.23501203242179,7.54810323646544,4.99315690362104
MO45,0.130988906113935,-2.70291019751407,-0.352817654904908,-0.479659390909118,-1.73170993720295,0.80356365337496,-0.991550782472873,4.89940176208277,-3.39529764264541,0.6213829526303
MO46,-1.48920319016214,-1.6578306217839,-4.21569618885813,1.73665897053237,3.75313751064865,-0.902528689348871,-1.53783659755909,3.75505094642823,-4.35318906789881,-4.53477536696626
MO47,0.937772159678727,-2.27464803726036,0.863080508151517,-1.05004973855845,2.55814287942031,-0.99492472383234,-0.921174267810691,5.40116320195595,0.0408016899760514,0.429457047332538
MOG,2.66360617483181,-2.39561922888504,-1.40415203794412,-0.0105806300688933,-3.63838167245036,-3.06049951072263,1.6838955478227,1.03223074418537,1.28452103095945,1.10303048511699
MP339,0.767129891473753,-0.310180990528513,-1.34863205183785,0.101504442843063,0.141464252005856,-2.93571658632819,1.71630165400866,-2.70820472587222,3.49859501461235,-1.15683765138234
MS1334,2.8503868529459,-4.59184474888102,-0.473126594141556,-2.2538272609708,-2.26103969238943,-0.309436323434171,-0.143433647935035,0.924109231117459,3.68563114308508,1.47364721887115
MS153,-3.30892045098187,-8.62613112067867,0.983733085625794,-1.94762933996647,-0.509248284583782,2.47830017356997,3.76725383580084,0.265341976998279,2.79283956605431,-2.85815530014623
MS71,-2.70296575923655,-8.22466402976278,0.0604052912138908,-3.93854440915051,3.11720078548288,2.76171607993523,-4.07741314421515,6.26847790401668,7.36915608298691,6.27037254561325
MT42,-0.500118231437458,-5.84357990681549,-0.132275939595098,-1.32469231883981,-4.34533098322593,0.334323191448294,-5.35623126005452,1.92016120001043,2.20783232789146,3.46261241639765
N192,-31.7870025935994,7.63075342138434,1.09326611560844,2.24569053495426,-1.95144565452317,0.372527886748299,4.08703208614,-8.53128958855161,6.04374257567718,-0.706750434787099
N28HT,-12.6991389761447,-0.87310036219241,-1.99162175702912,-1.67475787569691,1.48416831238562,-1.34668502110646,-1.16731902313403,6.20366643565113,0.85601529457397,0.855056102698305
N6,-0.399756001920049,-4.33892382172875,-0.118230969774223,-2.11890533146863,-1.59952265241543,1.06664841287967,-3.49196825243511,1.599289942679,2.03456004700293,-1.16770345104424
N7A,-8.66781676066725,-3.57933651625886,-5.60708288336304,-1.23065588451657,0.42763055801712,0.548108462381664,-1.32698894761238,2.61574785435378,0.902475606570673,0.499061102776557
NC222,1.71599090451961,-1.95470974844843,1.07878633561292,1.01992285138855,0.235886671846862,-2.03813158481696,0.692949141353226,2.16500435307135,-1.41814433750267,3.3781853838014
NC230,0.101356013884658,-2.14284138556564,-1.00851242087316,0.226733005658298,-1.47586281082498,0.487611431836308,-1.30830856833002,-0.202622873539838,1.70229630185868,1.94226583701002
NC232,1.74918526108983,-2.86120713912646,-0.195788414783089,-2.88692645997616,5.01421116279726,-2.4320656993359,-5.04630294921593,-1.61067030916021,-0.359486673023986,-2.46398444015203
NC236,0.745829869671068,-5.97105268568131,-1.95390331870968,-0.500161342400242,0.556480079165871,-0.279221441323223,-0.952421636491498,2.19874264035972,0.0162773863535902,1.64581084688104
NC238,3.04405484606426,-3.23989992888369,3.24444692557093,1.62934659825678,3.04717281261755,-1.9299974730884,-2.2988925798854,4.4156191382475,2.16376667991772,2.85472732682042
NC250,-9.57811252183013,1.78209036412149,6.38532011945451,-2.23127324764689,0.826903896556953,0.540242015251712,0.911793549776505,23.352360010257,-20.3266435430828,-5.96074908881284
NC258,4.48948161990143,-10.7103000542877,3.12589442806351,27.3441878272782,1.40150516453386,-0.0779962891342307,-1.24495456410486,-2.16122329762296,-0.119921142838846,-5.59035739337395
NC260,-1.67483498998804,-5.69544058289349,-0.527854508192078,-1.24081858509552,4.10567532477122,0.28963380171108,-7.65916857497648,4.39900777895006,7.308063688127,3.39817079688152
NC262,5.29483437580926,-10.1420262028836,3.0093015776564,29.526944312369,0.202387017382895,-2.04860207970607,-3.39565335305419,0.688402279845439,1.91917306106313,-9.44671790576293
NC264,8.47497236377094,1.31692344257574,-0.387048809742799,-3.12471121303301,-0.719887381114078,-1.74606792762462,0.0138883755662075,2.6749835750444,6.13122285843402,0.899277885166225
NC290A,4.04290371368213,-10.7717305372956,3.35354865748293,29.4507523897524,1.22960463586128,-1.94823340170688,-3.94203974802351,0.0331676877955077,1.21186804494098,-11.1356084682097
NC294,-25.936685999612,11.1450877338749,12.9365076328356,0.625553174737002,1.35838676970404,-0.251130118428676,1.57235257710102,10.4752701922257,-7.61527473590827,-0.117259036065224
NC296,12.5906159124559,18.4064474158874,-0.670433966301856,2.83282665430405,-0.136989422131175,26.6004936266909,0.0124750489144254,-1.96180406958306,-1.61979154053148,0.313566465781022
NC296A,13.0265934493805,18.228496571108,-0.619630421870187,3.24031263583372,0.0580931221797556,26.871993111249,-0.139334424530568,-1.91938749290895,-0.968371234290153,0.824418735456454
NC298,13.4660690017854,17.119982318906,-1.51956921592392,2.47287898568836,0.85228372819951,17.6420972872074,-0.230244031879328,0.106547735137477,-2.47140749846358,-1.05478896826841
NC300,11.4175057876856,11.9863257948396,0.60183107580635,1.99790746582573,-0.601706252232114,1.90153960039616,0.733795162883513,0.249047787763784,1.47973680168122,1.56854466227025
NC302,11.2450640147439,14.8119440464563,-0.114122318423687,1.90157880776583,0.292507668083057,14.0435867214847,1.60760028799789,0.3287268512475,-0.275415248026038,1.42839612054877
NC304,10.8998289187197,14.1374488461407,-0.781275709514215,0.978808924936095,0.111261166012108,6.52321591591061,1.07280445575949,3.33265950497423,-0.523370112995211,0.952204214889242
NC306,-27.025737102587,12.3864660993028,13.0535996270886,0.5257809087372,-0.906670850934848,-1.36522660489509,-1.13232205733848,5.55781372313406,-3.2761064670155,-2.04564599563727
NC310,-34.8986464781596,15.3163169606308,10.5853711857007,2.43705804553537,1.12058562535111,-0.0935118605620753,2.17429788368318,-4.53787149103706,2.69222005863823,-0.967165441923522
NC314,-20.0937876801117,9.54070320587627,9.91162513972795,-0.953908961495425,0.198023661830377,-1.50040341555983,-0.461596114754396,12.7934199449016,-11.6524829560954,-3.31313531230761
NC318,6.55764577094658,0.552368790908111,0.255839220499958,-2.46310869302325,-2.05718782043524,-3.85577218531157,-1.32188276763579,3.57999148668546,5.70733165283653,1.39401248286253
NC320,7.78305529022808,0.90473157695006,-0.28390188666034,-4.1974407073025,0.0485424070113685,-2.3563095124418,0.0584947046565815,2.17523344238767,5.57868992687753,1.3583839488219
NC324,-20.2069776765798,9.78852748605617,10.773949521085,-0.579378449733306,-0.0141120461401488,-0.95989264324443,-0.905205587811095,16.0173538536985,-13.4215087544579,-4.67141113419848
NC326,-37.175211399462,16.2275419627036,12.1639448882917,3.57196055344338,-0.00204530122633061,-1.59491006750052,0.818149884446463,-6.72000690150073,4.70661931493612,0.885163215578072
NC328,-35.3440405634474,16.6507964422771,12.7423604252236,2.53766250474953,1.67003775970327,-0.160660072833406,2.87411115719911,-5.21726236383978,4.27479600001951,0.660795444417785
NC33,2.06374672755839,-2.95014390155968,1.43975736005352,0.0228253154132519,1.89555146168511,-4.63341925871631,0.407719805643048,2.24949298906488,0.646785926727297,0.49323676604829
NC336,13.8509325462422,17.9157500284053,-1.39751550900015,2.66256795765599,-0.380194687789186,25.9552402786739,-0.501413361315187,-0.866583926895196,-1.36400823440664,0.990445686607487
NC338,12.336163613523,13.6479653514829,-1.06248811579745,2.21296954628605,-0.62961665967179,13.0683025043012,0.242544021950912,-1.4004971908017,0.23856567288987,-0.572158346912145
NC340,11.3228701573452,12.2827700082824,-0.0600199066044062,2.23291523582467,-0.681916197249875,1.90427544181835,1.1646227589299,0.560101598441696,0.934769815635184,0.799918294913542
NC342,-2.62592055699762,-3.77712003528305,3.59654761721776,22.1422870976696,1.27619574017775,-0.823235399812996,-1.6866539153822,-1.07797321184987,2.36715525973412,-3.7291996138797
NC344,4.80833965788293,-10.7679806116216,3.2329619965925,27.6587085788707,1.38204875595164,-0.267820520318619,-1.72088183001605,-2.23310056085164,0.0552472102425571,-5.06592690574411
NC346,12.6905951080155,17.01988598074,-0.59975498206818,1.4098967823062,-0.535464384455657,25.2767905172497,0.423156892301001,-1.94401115589994,-0.508965276616309,0.0235147236334872
NC348,13.540395421048,16.726947671009,-0.417194222199503,2.1896886195468,0.00359923223267575,17.7741419518567,-0.205651878860307,-0.757374741421071,-2.70018281233505,-1.92422543173344
NC350,11.8167879384996,13.5412787187544,-1.27304150837507,0.44328893892032,0.638150073935204,13.0070055548347,1.27408969051535,-0.645610434951124,-0.48479978819385,1.28838220676442
NC352,13.777103586406,17.621793625433,-1.61066192726581,2.67683453368836,-0.519029973191134,25.8069443378675,-0.802968582891877,-1.28383589022102,-0.755517935175812,1.14858613693337
NC354,12.7391685897863,15.6022731017843,-0.102985307487888,1.40065653837569,0.535359557188331,13.1253474558685,-0.0358138302094256,-0.477679202732781,-0.817991403810269,-0.71788156515671
NC356,10.595406659817,8.85262835312289,-2.10117342489417,2.17985447195227,0.861248413355626,6.92000539941761,-0.727971767050404,-0.275173607817201,0.755308592107708,0.384344733620721
NC358,10.2814628045532,10.5487910465873,-1.74026128873655,2.52293564398004,-1.34595027054845,2.07430949399343,-0.0501468943662672,0.36275744203652,1.53163258554435,0.897542691734342
NC360,7.21227873363382,-0.318478305328867,1.23923762830669,17.9483985121795,0.957793857966541,-2.64019254293237,-1.22940653695308,-0.30872348676582,-2.97595284349617,-11.0004952926395
NC362,6.54981622736466,-4.57022346181442,1.81691099162621,23.2740343499879,0.987963028790082,-1.92065380326452,-4.62260615359867,-1.72815232514595,-0.871094672760377,-10.6187021422546
NC364,6.79190162993389,-4.72036027413623,1.78721670478073,23.9998346346513,0.949196078793928,-2.21261448581606,-4.65003391040049,-1.5300389461598,-0.746826073402902,-10.8710289033555
NC366,7.61985951577463,1.16335480011903,2.90931366521714,4.50814366446831,-0.616635286550355,-3.0538861250906,-1.41167170414225,-1.56882760919482,-1.1311121781809,1.23909349199444
NC368,-24.460142661428,10.8672042959341,9.92196811823999,-0.0312232665588451,0.138617988209472,-1.82016956263825,-0.257930032038948,7.70579332024272,-7.67806655401128,-2.65918745592723
ND246,1.68842234404822,-5.84032894232357,0.508952410144857,0.298289317580695,0.425901590842988,2.29603052614835,0.972772708018352,2.53753578446157,2.73315384111198,0.217842413839555
OH40B,0.279656409920815,-14.0765897062864,4.73431504407458,0.918647305313176,3.99090513962594,1.59793711374154,17.8850632174534,-3.79908437647285,-3.13608327873552,-1.55698874319444
OH43,-1.39155567711352,-16.0248103754817,6.55068219667981,-5.35640769580772,8.55017730840096,5.95148507516062,28.3369309056212,-10.0712835069965,-7.42381335499387,-6.20762671694623
OH43E,-0.546352504881855,-14.8242812619864,7.32274462038608,-6.13645581510413,9.67724826555563,4.16767672729677,20.6414660163971,-10.1730301223035,-6.88101717986957,-7.41745175187488
OH603,0.951601582533514,-3.45264595864738,1.97890976183579,1.5200362996516,3.94710738176468,-0.471347380702978,-2.36432996054044,1.96703033811904,0.417654184374106,-0.657737970924807
OH7B,-3.67443560799563,-5.16014642159741,-5.59860258488916,-2.85536983822719,0.0572113680008579,3.23959495069687,0.014094308725685,7.30761559844586,3.64012776592646,-0.692937268732451
OS420,-4.18749980072031,-7.73933724554365,1.95145267277409,-3.37606518430643,1.4741012390042,1.35667893577615,-2.14960772350611,4.91859002163655,2.68612739592275,2.53786268501475
P39,-0.55090941826093,-16.1134126753541,3.59947316737205,1.38078755479694,-14.6947980095396,4.71257768366435,5.74308929305505,6.5708944979402,11.3107719788682,2.25907850147329
PA762,-0.0543523493672027,-15.3863360401829,6.2098608265553,-3.60688425279519,9.60341574580368,3.16356312542025,22.8408363654422,-8.11382567613106,-9.18464610470247,-2.66711698823057
PA875,-0.184469234750838,-2.73006124123067,1.94564837067831,-3.68310566413266,4.26297766573937,0.456040706624517,-6.79395660858723,-2.06756617706741,2.81696744777183,-5.7756165358092
PA880,0.992710525920258,-4.55249896381619,2.68467558474269,-3.62726490778719,5.40844534104165,-0.490640047214065,-7.759633684079,-4.99087376942151,1.4143491220627,-6.44351822357619
PA91,0.0573447425595338,-10.5024340016034,2.22952086548178,-7.80489553260974,4.50908021669976,1.57436632047711,2.56431393348226,-3.40069440467468,-1.761704338783,-5.0279680752915
R109B,-3.85177896617808,-2.30840953649309,0.983670282129238,-2.01500581769298,-1.4658837732541,-1.00301330192632,1.19324131487199,0.580303085429581,4.70905976047945,0.96495257806971
R168,-1.88519472066429,-8.33032093058585,-0.0650239939670929,-2.49405999427612,1.2419863403614,1.36911424775805,-1.10489857242739,6.04175322940835,6.93086418518131,6.20618200502551
R177,-1.16012367777987,-8.96244980317766,1.38702478778143,-4.06609915307552,3.55245610579561,2.91518965335764,6.19524796330168,2.30560599948557,1.5887821815387,1.48072363424015
R229,-31.7085683568659,17.0285742383568,11.0660419656303,2.64790035798201,-0.821890064009814,-2.24866519699657,1.14432960788228,-7.27601192195689,5.24381331773764,1.09104748278573
R4,-3.82498417705606,-5.03966578521456,-0.51862876303795,-3.05570424336019,6.42334016536527,6.17821305216641,-1.09411042277177,1.24596584891991,3.99951297665925,1.252755874054
SA24,0.600640525538018,-5.86471900427156,6.81609642985955,-3.04684407161147,-21.5877812158844,-0.297139212890018,-5.23159962295733,-7.86633016982136,-12.3560795847073,0.195364686990831
SC213R,5.2182870275116,-1.30980078074312,3.00632545091621,2.65782741849871,1.29992801020435,-2.74937830740424,-1.41668332663667,5.35572162158557,-0.074659948019561,4.57594129664001
SC357,4.16222055363862,-1.51888420592893,1.30416361225693,-1.07519132611366,-0.368025769721931,-3.06026515407654,-0.843808112447653,-0.155563365616642,2.45107364670001,2.55457558709774
SC55,6.1975813922194,-2.41664785360697,1.96480254786779,-0.744859384924816,-2.01338970914143,-0.65724028823438,1.26861818924084,0.257537358930217,0.38945349358845,1.92874461201511
SD40,-4.65254524034938,-1.93526013285217,-8.40320201764449,2.26939411897475,-0.539560501527412,-1.14947104338979,-0.775136536252193,3.16843906398454,-2.77115315102982,2.01103645380292
SD44,0.921382887313823,-4.27190046817226,2.1258019395218,-2.45512938110855,6.48742390693128,3.70757434336071,-6.36280455015701,-4.49452860837571,-0.153887153438348,-3.62541852763675
SG1533,2.66921763145083,-4.90118166389345,5.84771559507326,-4.19236036488335,-18.3304847039734,0.538703620902253,-4.65038103400767,-8.37987079120139,-7.84631806262855,0.496963352183939
SG18,-0.108324726932093,-3.60939804261382,5.4213467197309,-4.4939436910506,-23.6070283950043,0.480597710214619,-7.22175209921383,-10.5656635873644,-11.8316470233088,1.38784100454279
T232,0.565548099994782,-2.34059694642214,-1.46324058183729,-3.55211571959868,-1.74402147959848,-1.93186042470781,0.358696861131677,4.33627332080253,0.280718991474887,3.28957875155361
T234,0.340906797989479,-2.59307331929732,-1.63254236764316,-2.90216270554521,2.72868697548382,-1.35442350988152,-1.50066848370584,1.90104827336955,2.85544721358587,0.66408897374208
T8,1.94675371610343,-3.49148167721036,1.45406404307957,5.76583143836394,10.8561737559388,-2.42982002827915,-0.628759607898874,-5.59516739148718,-11.1867730006656,27.2097656991104
TX303,5.06015245543029,2.88141781611466,0.2053569490301,-1.32863378560748,1.57718206041634,-4.74445131818598,0.905595918041028,0.00217337558723269,2.63397457266529,-0.59475031843591
TX601,9.34977624381253,7.28806255551485,-0.0129964756154914,1.50280967185592,-0.317966813679048,-4.15393705636782,1.83154735730485,0.741856682588133,-0.135478286689378,-1.59423198616164
TZI10,9.91770097518922,7.06342927781143,-3.18142592177966,-2.40618465390875,-1.41912383750528,-6.28402597469861,0.95570017546117,-0.0780006007995397,1.02885584556816,-0.866443094214242
TZI11,6.62954347682127,4.68393969936345,-0.14643740471409,-1.01533913274058,-1.81502540776199,-6.07679432989821,1.97949203304124,2.06035844086832,1.15351053717239,2.23525585078728
TZI16,1.735635280801,3.7831756492192,-0.775961026083863,-2.47292671756412,1.74178354095385,-3.89937047077722,-1.03105775288628,4.16905423765606,-2.03449514852356,0.215912156940402
TZI18,9.14600793562704,7.49746282504272,-1.19099611852699,0.937121494447781,0.825088177659115,-5.22059138158627,1.5838703348679,0.629201158738169,-2.56479994085624,-2.75698787218127
TZI25,-4.31489888710665,8.61418156191061,0.36734173107313,-0.36417614961,0.894238718782225,-5.84959829124615,-0.492842824689315,-1.60826609758527,2.66066646730981,1.51764542150806
TZI8,10.5446318111923,7.89578839139875,0.25521184919056,0.619914456202094,0.130556764873486,-7.0022127490836,1.60378068707857,0.282857707538219,-1.30236328570669,0.811973974738009
TZI9,9.1895773719471,6.60890641542779,-2.44816687874217,0.220073055922645,1.00743971040174,-6.12125241753177,2.1779604679776,-1.02545183581917,-0.212751995083984,0.15041665887869
U267Y,4.56303818180486,0.820755452836025,0.241671695761325,-3.6998399000914,1.87912611380553,-1.49276319501846,-5.67766417232255,-2.1653193577213,0.505224077644296,-0.713730340295388
VA102,2.47555580455974,-5.96680877896041,3.88554845806117,10.309733971092,9.64339775890815,-1.36294352072934,0.94773451202134,-4.82549295710292,-7.41845710279772,23.2512282413328
VA14,1.26098312058083,-6.47520853404939,1.88113547083823,-2.93757928735686,12.9884878659349,0.981482887890563,-8.71635190684585,-6.91257522132943,-8.66983724147581,10.6299383132417
VA17,-0.660076010900117,-5.57547775595568,2.322339168019,-2.57115037995846,16.3073719789469,-0.165263129143335,-10.8632060158898,-9.30487773053117,-11.0694087159855,13.8921116098616
VA22,1.28512119596433,-4.9341898606004,2.7732533209056,3.37613445267395,9.5128939550362,-0.785370862686417,-5.26734692813698,-1.0680400589409,-8.33402548083061,12.1849599895332
VA26,-0.574225102188842,-10.8178501407983,4.77763435489065,-6.0926748991893,4.88841688635579,3.74223792419654,19.5090508655771,-6.91506317835696,-3.46101640447337,-3.94015563861916
VA35,1.54580608450624,-6.02395651851615,2.24927624751843,11.2735725512291,10.7455632188519,-2.43555806190324,-0.656779396724591,-4.62276370733886,-10.4875862296655,27.1086136749049
VA59,3.33990744102651,-7.52953197456681,4.51509779884782,14.8576448740508,9.64801114792613,-1.45560930950947,-1.25447853875171,-4.40516711428323,-8.86886441610355,20.6254677792533
VA85,0.19562697203531,-9.73578750569193,2.41106755217497,0.867387102742329,2.49811906902711,0.411083072517128,5.8136880091138,-0.9380304435184,-1.53811143871476,-0.954405525413097
VA99,-3.15086261055362,-7.66575801916932,-2.92742587128513,-5.80106951581621,3.07212730886289,0.677372962356191,1.15506686461005,1.54279530478164,1.46443243501142,-2.93367088878029
VAW6,1.06550333921627,-2.75211281581078,-0.229925709248768,-1.42961275351127,2.49024392601805,0.0394326568094869,5.73893976437275,-2.85574011686291,-1.26189703135842,2.33154942699364
W117HT,1.67612097301793,-3.59120135367514,0.344696139375887,-0.656091342923966,-0.605784176366659,-0.56615642692362,-0.965673481905876,-0.50000979733249,5.39040342471369,1.07862060989831
W153R,0.216671996970858,-5.77300454169193,1.04473274796863,-4.91238735072002,2.00406496785168,1.43043237347132,2.36026799325581,0.333328090325946,4.04654501685217,-0.528336412503095
W182B,0.0698430656925309,-7.61007894894844,1.97459166642557,-4.7824792599187,-3.5232452071221,5.32948875758777,-1.09634487704761,0.69194114651763,6.68694114967337,-0.899048040315308
W22R-RSTD,-2.35411154632002,-6.01948383925697,0.499779496374193,-7.03173034187272,3.49553903494508,2.98988615955544,-0.226987974041115,-0.230555124118349,5.68275230879384,3.50716446499412
W22,-2.44901434789031,-6.81279900429979,0.890092232184138,-7.69317266191709,3.62667843624102,3.77873140652313,-0.825274216740051,0.933732997637973,6.35900580674564,3.56653408618362
W64A,-2.10089598285412,-5.06899657242579,0.641425212979817,-6.66192393267964,10.9354096513874,3.72445891375409,-14.617729057937,-5.11786333622521,-0.863231428418696,-9.51183436716668
WD,0.102698213323017,-4.03030702536961,2.5301854708469,-1.9623987800768,-5.75146884823607,2.88928670181927,-1.49492777154689,0.740284930176148,5.01730555301194,-1.61302638311179
WF9,-1.46055089690589,-7.41213653930911,1.255617031635,-11.1368456460308,15.3961670965267,1.2605857488504,-19.7517356345161,-11.3598923242867,-4.37826447250945,-10.6947233673208
YU796NS,1.11950110114753,-7.07348285999889,3.00297512064599,1.0559012563085,-1.24079220221869,-1.75269442601908,-3.89401446489487,0.319360078543864,1.29480946195964,1.65576968050029
